filename,output
2017-02-23T11_32_48.jpg,y
2017-02-23T11_32_50.jpg,y
2017-02-23T11_37_27.jpg,y
2017-02-23T11_41_27.jpg,y
2017-02-23T11_49_31.jpg,y
2017-02-23T11_49_36.jpg,y
2017-02-23T11_53_07.jpg,y
2017-02-23T11_53_10.jpg,y
2017-02-23T12_06_31.jpg,y
2017-02-23T12_13_13.jpg,y
2017-02-23T12_15_14.jpg,y
2017-02-23T12_34_11.jpg,y
2017-02-23T12_45_57.jpg,y
2017-02-23T12_46_13.jpg,y
2017-02-23T12_49_20.jpg,y
2017-02-23T12_53_38.jpg,y
2017-02-23T12_53_41.jpg,y
2017-02-23T13_01_55.jpg,y
2017-02-23T13_01_57.jpg,y
2017-02-23T13_03_28.jpg,y
2017-02-23T13_03_32.jpg,y
2017-02-23T13_03_53.jpg,y
2017-02-23T13_03_55.jpg,y
2017-02-23T13_04_45.jpg,y
2017-02-23T13_05_45.jpg,y
2017-02-23T13_05_49.jpg,y
2017-02-23T13_09_20.jpg,y
2017-02-23T13_09_22.jpg,y
2017-02-23T13_20_45.jpg,y
2017-02-23T13_20_55.jpg,y
2017-02-23T13_20_56.jpg,y
2017-02-23T13_21_00.jpg,y
2017-02-23T13_25_23.jpg,y
2017-02-23T13_25_24.jpg,y
2017-02-23T13_27_00.jpg,y
2017-02-23T13_28_10.jpg,y
2017-02-23T13_33_13.jpg,y
2017-02-23T13_35_33.jpg,y
2017-02-23T13_35_35.jpg,y
2017-02-23T13_39_29.jpg,y
2017-02-23T13_41_18.jpg,y
2017-02-23T13_41_58.jpg,y
2017-02-23T13_41_59.jpg,y
2017-02-23T13_42_07.jpg,y
2017-02-23T13_54_14.jpg,y
2017-02-23T14_00_36.jpg,y
2017-02-23T14_24_08.jpg,y
2017-02-23T14_24_09.jpg,y
2017-02-23T14_32_15.jpg,y
2017-02-23T14_40_03.jpg,y
2017-02-23T14_40_04.jpg,y
2017-02-23T14_40_53.jpg,y
2017-02-23T14_40_55.jpg,y
2017-02-23T14_40_57.jpg,y
2017-02-23T14_41_22.jpg,y
2017-02-23T14_43_06.jpg,y
2017-02-23T14_46_59.jpg,y
2017-02-23T14_51_29.jpg,y
2017-02-23T14_51_30.jpg,y
2017-02-23T14_52_56.jpg,y
2017-02-23T14_52_57.jpg,y
2017-02-23T15_00_14.jpg,y
2017-02-23T15_17_07.jpg,y
2017-02-23T15_22_53.jpg,y
2017-02-23T15_24_57.jpg,y
2017-02-23T15_25_02.jpg,y
2017-02-23T15_25_04.jpg,y
2017-02-23T15_36_51.jpg,y
2017-02-23T15_38_50.jpg,y
2017-02-23T15_38_53.jpg,y
2017-02-23T15_42_22.jpg,y
2017-02-23T15_47_28.jpg,y
2017-02-23T15_52_22.jpg,y
2017-02-23T15_52_26.jpg,y
2017-02-23T16_05_41.jpg,y
2017-02-23T16_06_11.jpg,y
2017-02-23T16_10_24.jpg,y
2017-02-23T16_12_04.jpg,y
2017-02-23T16_15_24.jpg,y
2017-02-23T16_16_46.jpg,y
2017-02-23T16_16_50.jpg,y
2017-02-23T16_19_37.jpg,y
2017-02-23T16_25_11.jpg,y
2017-02-23T16_27_18.jpg,y
2017-02-23T16_27_20.jpg,y
2017-02-23T16_27_21.jpg,y
2017-02-23T16_36_58.jpg,y
2017-02-23T16_37_32.jpg,y
2017-02-23T16_37_34.jpg,y
2017-02-23T16_54_33.jpg,y
2017-02-23T16_57_33.jpg,y
2017-02-23T16_59_14.jpg,y
2017-02-23T16_59_17.jpg,y
2017-02-23T17_03_57.jpg,y
2017-02-23T17_18_16.jpg,y
2017-02-23T17_24_18.jpg,y
2017-02-23T17_24_23.jpg,y
2017-02-24T11_15_46.jpg,n
2017-02-24T11_59_32.jpg,n
2017-02-24T12_09_51.jpg,n
2017-02-24T12_09_52.jpg,n
2017-02-24T12_09_55.jpg,n
2017-02-24T12_20_18.jpg,n
2017-02-24T12_20_20.jpg,n
2017-02-24T12_20_22.jpg,n
2017-02-24T13_40_33.jpg,n
2017-02-24T13_45_21.jpg,n
2017-02-25T08_45_01.jpg,n
2017-02-25T12_14_04.jpg,n
2017-02-25T12_14_06.jpg,n
2017-02-25T12_51_54.jpg,n
2017-02-25T12_51_56.jpg,n
2017-02-25T13_21_33.jpg,n
2017-02-25T13_28_09.jpg,n
2017-02-25T13_46_25.jpg,n
2017-02-25T13_46_26.jpg,n
2017-02-25T14_15_47.jpg,n
2017-02-25T15_14_48.jpg,n
2017-02-25T15_14_50.jpg,n
2017-02-25T15_15_30.jpg,n
2017-02-25T15_15_32.jpg,n
2017-02-25T15_15_34.jpg,n
2017-02-25T15_18_50.jpg,n
2017-02-25T15_22_54.jpg,n
2017-02-25T15_22_56.jpg,n
2017-02-25T15_25_51.jpg,n
2017-02-25T15_40_10.jpg,n
2017-02-25T15_40_11.jpg,n
2017-02-25T15_47_01.jpg,n
2017-02-25T15_54_39.jpg,n
2017-02-25T15_54_40.jpg,n
2017-02-25T16_00_41.jpg,n
2017-02-25T16_00_42.jpg,n
2017-02-26T11_12_27.jpg,n
2017-02-27T11_21_41.jpg,n
2017-02-27T11_41_39.jpg,n
2017-02-27T12_08_30.jpg,n
2017-02-27T12_09_46.jpg,n
2017-02-27T12_09_49.jpg,n
2017-02-27T12_09_54.jpg,n
2017-02-27T12_09_55.jpg,n
2017-02-27T12_10_22.jpg,y
2017-02-27T12_10_25.jpg,y
2017-02-27T12_10_27.jpg,y
2017-02-27T12_10_41.jpg,y
2017-02-27T12_10_55.jpg,y
2017-02-27T12_11_06.jpg,y
2017-02-27T12_11_12.jpg,y
2017-02-27T12_11_17.jpg,y
2017-02-27T12_11_19.jpg,y
2017-02-27T12_11_20.jpg,y
2017-02-27T12_11_31.jpg,y
2017-02-27T12_12_25.jpg,y
2017-02-27T12_16_04.jpg,y
2017-02-27T12_18_00.jpg,y
2017-02-27T12_18_20.jpg,y
2017-02-27T12_18_51.jpg,y
2017-02-27T12_26_04.jpg,y
2017-02-27T12_26_46.jpg,y
2017-02-27T12_27_30.jpg,y
2017-02-27T12_27_32.jpg,y
2017-02-27T12_27_34.jpg,y
2017-02-27T12_34_30.jpg,y
2017-02-27T12_34_31.jpg,y
2017-02-27T12_35_27.jpg,y
2017-02-27T12_37_23.jpg,y
2017-02-27T12_41_17.jpg,y
2017-02-27T12_41_18.jpg,y
2017-02-27T12_41_27.jpg,y
2017-02-27T12_41_30.jpg,y
2017-02-27T12_46_11.jpg,y
2017-02-27T12_46_12.jpg,y
2017-02-27T12_46_14.jpg,y
2017-02-27T12_50_39.jpg,y
2017-02-27T12_50_40.jpg,y
2017-02-27T12_51_57.jpg,y
2017-02-27T12_53_24.jpg,y
2017-02-27T12_58_35.jpg,y
2017-02-27T12_59_29.jpg,y
2017-02-27T12_59_31.jpg,y
2017-02-27T13_00_24.jpg,y
2017-02-27T13_00_29.jpg,y
2017-02-27T13_02_38.jpg,y
2017-02-27T13_02_42.jpg,y
2017-02-27T13_04_12.jpg,y
2017-02-27T13_04_14.jpg,y
2017-02-27T13_05_30.jpg,y
2017-02-27T13_06_14.jpg,y
2017-02-27T13_08_45.jpg,y
2017-02-27T13_08_50.jpg,y
2017-02-27T13_09_06.jpg,y
2017-02-27T13_11_12.jpg,y
2017-02-27T13_12_05.jpg,y
2017-02-27T13_12_33.jpg,y
2017-02-27T13_12_36.jpg,y
2017-02-27T13_12_37.jpg,y
2017-02-27T13_18_04.jpg,y
2017-02-27T13_18_55.jpg,y
2017-02-27T13_20_45.jpg,y
2017-02-27T13_21_04.jpg,y
2017-02-27T13_41_11.jpg,y
2017-02-27T13_41_12.jpg,y
2017-02-27T13_45_23.jpg,n
2017-02-27T13_48_27.jpg,n
2017-02-27T13_50_29.jpg,y
2017-02-27T13_52_37.jpg,y
2017-02-27T13_52_38.jpg,y
2017-02-27T13_52_54.jpg,y
2017-02-27T13_52_58.jpg,y
2017-02-27T13_53_01.jpg,y
2017-02-27T13_53_03.jpg,y
2017-02-27T13_57_05.jpg,y
2017-02-27T14_00_56.jpg,y
2017-02-27T14_01_56.jpg,y
2017-02-27T14_04_56.jpg,y
2017-02-27T14_05_00.jpg,y
2017-02-27T14_06_34.jpg,y
2017-02-27T14_07_19.jpg,y
2017-02-27T14_09_35.jpg,y
2017-02-27T14_10_45.jpg,y
2017-02-27T14_10_46.jpg,y
2017-02-27T14_11_12.jpg,y
2017-02-27T14_11_14.jpg,y
2017-02-27T14_11_16.jpg,y
2017-02-27T14_11_33.jpg,y
2017-02-27T14_11_34.jpg,y
2017-02-27T14_11_37.jpg,y
2017-02-27T14_11_38.jpg,y
2017-02-27T14_14_39.jpg,y
2017-02-27T14_14_44.jpg,y
2017-02-27T14_15_30.jpg,y
2017-02-27T14_15_39.jpg,y
2017-02-27T14_16_01.jpg,y
2017-02-27T14_16_02.jpg,y
2017-02-27T14_17_42.jpg,y
2017-02-27T14_17_47.jpg,y
2017-02-27T14_19_46.jpg,y
2017-02-27T14_20_34.jpg,y
2017-02-27T14_24_29.jpg,y
2017-02-27T14_25_41.jpg,y
2017-02-27T14_28_32.jpg,y
2017-02-27T14_30_34.jpg,y
2017-02-27T14_31_00.jpg,y
2017-02-27T14_31_01.jpg,y
2017-02-27T14_31_40.jpg,y
2017-02-27T14_31_43.jpg,y
2017-02-27T14_31_45.jpg,y
2017-02-27T14_31_48.jpg,y
2017-02-27T14_33_03.jpg,n
2017-02-27T14_33_08.jpg,n
2017-02-27T14_34_53.jpg,n
2017-02-27T14_38_16.jpg,n
2017-02-27T14_38_28.jpg,n
2017-02-27T14_39_18.jpg,n
2017-02-27T14_41_06.jpg,n
2017-02-27T14_41_08.jpg,n
2017-02-27T14_41_12.jpg,n
2017-02-27T14_41_13.jpg,n
2017-02-27T14_41_14.jpg,n
2017-02-27T14_42_44.jpg,n
2017-02-27T14_42_45.jpg,n
2017-02-27T14_44_41.jpg,n
2017-02-27T14_46_24.jpg,n
2017-02-27T14_46_26.jpg,n
2017-02-27T14_48_34.jpg,n
2017-02-27T14_48_39.jpg,n
2017-02-27T14_50_36.jpg,n
2017-02-27T14_50_37.jpg,n
2017-02-27T14_50_39.jpg,n
2017-02-27T14_54_57.jpg,n
2017-02-27T14_58_51.jpg,n
2017-02-27T14_58_53.jpg,n
2017-02-27T14_58_59.jpg,y
2017-02-27T14_59_46.jpg,n
2017-02-27T15_01_05.jpg,n
2017-02-27T15_03_47.jpg,n
2017-02-27T15_06_18.jpg,n
2017-02-27T15_10_12.jpg,n
2017-02-27T15_12_02.jpg,n
2017-02-27T15_12_06.jpg,n
2017-02-27T15_14_04.jpg,n
2017-02-27T15_15_10.jpg,n
2017-02-27T15_15_11.jpg,n
2017-02-27T15_19_12.jpg,n
2017-02-27T15_19_15.jpg,n
2017-02-27T15_19_18.jpg,n
2017-02-27T15_20_37.jpg,n
2017-02-27T15_23_51.jpg,n
2017-02-27T15_23_53.jpg,n
2017-02-27T15_24_24.jpg,n
2017-02-27T15_24_42.jpg,n
2017-02-27T15_24_45.jpg,n
2017-02-27T15_26_30.jpg,n
2017-02-27T15_27_30.jpg,n
2017-02-27T15_27_31.jpg,n
2017-02-27T15_27_32.jpg,n
2017-02-27T15_27_33.jpg,n
2017-02-27T15_29_28.jpg,n
2017-02-27T15_29_50.jpg,n
2017-02-27T15_29_51.jpg,n
2017-02-27T15_35_07.jpg,n
2017-02-27T15_37_13.jpg,n
2017-02-27T15_37_14.jpg,n
2017-02-27T15_41_41.jpg,n
2017-02-27T15_41_43.jpg,n
2017-02-27T15_42_52.jpg,n
2017-02-27T15_45_04.jpg,n
2017-02-27T15_45_06.jpg,n
2017-02-27T15_46_20.jpg,n
2017-02-27T15_50_55.jpg,n
2017-02-27T15_51_11.jpg,n
2017-02-27T15_51_12.jpg,n
2017-02-27T15_54_09.jpg,n
2017-02-27T15_54_13.jpg,n
2017-02-27T15_59_10.jpg,n
2017-02-27T16_03_04.jpg,n
2017-02-27T16_03_05.jpg,n
2017-02-27T16_18_03.jpg,n
2017-02-27T16_18_48.jpg,n
2017-02-27T16_18_50.jpg,n
2017-02-27T16_34_30.jpg,n
2017-02-27T16_34_31.jpg,n
2017-02-27T16_34_33.jpg,n
2017-02-27T16_55_25.jpg,n
2017-02-27T16_55_28.jpg,n
2017-02-27T17_00_41.jpg,n
2017-02-27T17_39_11.jpg,n
2017-02-27T17_39_12.jpg,n
2017-02-27T21_46_33.jpg,n
2017-02-27T21_46_35.jpg,n
2017-02-27T23_23_44.jpg,n
2017-02-27T23_30_18.jpg,n
2017-02-28T00_00_12.jpg,n
2017-02-28T00_39_30.jpg,n
2017-02-28T02_06_01.jpg,y
2017-02-28T10_58_05.jpg,n
2017-02-28T11_20_47.jpg,n
2017-02-28T11_32_16.jpg,y
2017-02-28T11_32_18.jpg,y
2017-02-28T12_20_54.jpg,y
2017-02-28T12_20_56.jpg,y
2017-02-28T12_21_22.jpg,y
2017-02-28T13_29_11.jpg,y
2017-02-28T13_29_12.jpg,y
2017-02-28T13_30_03.jpg,y
2017-02-28T13_30_04.jpg,y
2017-02-28T13_40_59.jpg,y
2017-02-28T14_08_25.jpg,y
2017-02-28T14_08_28.jpg,y
2017-02-28T14_08_33.jpg,y
2017-02-28T14_08_34.jpg,y
2017-02-28T14_09_56.jpg,y
2017-02-28T14_09_57.jpg,y
2017-02-28T14_09_58.jpg,y
2017-02-28T14_13_14.jpg,y
2017-02-28T14_13_15.jpg,y
2017-02-28T14_13_18.jpg,y
2017-03-01T00_38_02.jpg,y
2017-03-01T00_38_04.jpg,y
2017-03-01T00_39_46.jpg,y
2017-03-01T00_39_47.jpg,y
2017-03-01T00_39_48.jpg,y
2017-03-01T13_03_54.jpg,y
2017-03-01T13_03_56.jpg,y
2017-03-01T13_03_57.jpg,y
2017-03-01T13_04_00.jpg,y
2017-03-01T13_04_04.jpg,y
2017-03-01T13_04_15.jpg,y
2017-03-01T13_04_21.jpg,y
2017-03-01T13_04_24.jpg,y
2017-03-01T13_04_25.jpg,y
2017-03-01T13_04_28.jpg,y
2017-03-01T13_04_31.jpg,y
2017-03-01T13_08_18.jpg,y
2017-03-02T12_40_05.jpg,y
2017-03-02T13_12_45.jpg,y
2017-03-02T13_12_48.jpg,y
2017-03-02T13_20_53.jpg,y
2017-03-02T13_55_16.jpg,y
2017-03-02T14_25_28.jpg,y
2017-03-02T14_36_32.jpg,y
2017-03-02T14_36_33.jpg,y
2017-03-02T14_36_34.jpg,y
2017-03-02T14_38_47.jpg,y
2017-03-02T14_58_01.jpg,y
2017-03-02T14_59_48.jpg,y
2017-03-02T14_59_52.jpg,y
2017-03-02T15_04_49.jpg,y
2017-03-02T15_07_39.jpg,y
2017-03-02T15_07_40.jpg,y
2017-03-02T15_14_31.jpg,y
2017-03-02T15_14_32.jpg,y
2017-03-02T15_17_59.jpg,y
2017-03-02T15_19_01.jpg,y
2017-03-02T16_06_56.jpg,y
2017-03-02T16_06_59.jpg,y
2017-03-04T01_37_47.jpg,y
2017-03-04T16_46_05.jpg,y
2017-03-05T13_12_30.jpg,y
2017-03-05T13_13_48.jpg,y
2017-03-05T13_13_50.jpg,y
2017-03-05T13_55_43.jpg,y
2017-03-05T13_56_37.jpg,y
2017-03-05T14_01_34.jpg,y
2017-03-05T14_08_52.jpg,y
2017-03-06T08_36_08.jpg,y
2017-03-06T08_36_16.jpg,y
2017-03-06T08_36_17.jpg,y
2017-03-06T08_36_18.jpg,y
2017-03-06T08_38_31.jpg,n
2017-03-06T10_18_29.jpg,n
2017-03-06T10_18_33.jpg,n
2017-03-06T10_18_48.jpg,y
2017-03-06T10_18_53.jpg,y
2017-03-06T10_19_01.jpg,y
2017-03-06T10_19_02.jpg,y
2017-03-06T10_19_03.jpg,y
2017-03-06T10_20_24.jpg,y
2017-03-06T10_21_16.jpg,y
2017-03-06T10_21_21.jpg,n
2017-03-06T10_21_23.jpg,y
2017-03-06T10_21_25.jpg,y
2017-03-06T10_21_30.jpg,y
2017-03-06T10_23_51.jpg,y
2017-03-06T10_23_53.jpg,y
2017-03-06T10_24_13.jpg,y
2017-03-06T10_24_23.jpg,n
2017-03-06T10_24_46.jpg,y
2017-03-06T10_24_47.jpg,n
2017-03-06T10_24_50.jpg,y
2017-03-06T10_24_55.jpg,n
2017-03-06T10_24_59.jpg,n
2017-03-06T10_25_01.jpg,y
2017-03-06T10_25_38.jpg,y
2017-03-06T10_26_04.jpg,y
2017-03-06T10_26_10.jpg,y
2017-03-06T10_26_13.jpg,y
2017-03-06T10_26_15.jpg,y
2017-03-07T01_58_37.jpg,y
2017-03-10T13_05_08.jpg,y
2017-03-10T13_05_11.jpg,y
2017-03-10T13_14_28.jpg,y
2017-03-10T13_27_40.jpg,y
2017-03-10T13_51_30.jpg,y
2017-03-10T13_51_31.jpg,y
2017-03-10T14_11_18.jpg,y
2017-03-10T14_13_25.jpg,y
2017-03-10T14_22_02.jpg,y
2017-03-10T14_31_34.jpg,y
2017-03-10T15_03_39.jpg,y
2017-03-10T15_06_35.jpg,y
2017-03-10T15_14_30.jpg,y
2017-03-10T15_14_35.jpg,y
2017-03-10T15_22_31.jpg,y
2017-03-10T15_37_09.jpg,y
2017-03-10T15_37_13.jpg,y
2017-03-10T15_39_08.jpg,y
2017-03-10T15_40_49.jpg,y
2017-03-10T15_42_32.jpg,y
2017-03-10T15_45_33.jpg,y
2017-03-10T16_05_28.jpg,y
2017-03-10T16_05_29.jpg,y
2017-03-10T16_09_38.jpg,y
2017-03-10T16_14_56.jpg,y
2017-03-10T16_15_31.jpg,y
2017-03-10T16_15_47.jpg,y
2017-03-10T16_19_05.jpg,y
2017-03-10T16_22_34.jpg,y
2017-03-10T16_23_18.jpg,y
2017-03-10T16_23_19.jpg,y
2017-03-10T16_23_54.jpg,y
2017-03-10T16_27_37.jpg,y
2017-03-10T16_27_53.jpg,y
2017-03-10T16_28_55.jpg,y
2017-03-10T16_29_18.jpg,y
2017-03-10T16_33_12.jpg,y
2017-03-10T16_33_24.jpg,y
2017-03-10T16_38_15.jpg,y
2017-03-11T03_47_35.jpg,y
2017-03-11T03_47_37.jpg,y
2017-03-11T06_02_06.jpg,y
2017-03-11T06_02_11.jpg,y
2017-03-11T06_02_13.jpg,y
2017-03-11T06_15_44.jpg,y
2017-03-11T06_15_45.jpg,y
2017-03-11T13_28_48.jpg,y
2017-03-11T13_34_11.jpg,y
2017-03-11T14_15_14.jpg,y
2017-03-11T14_30_06.jpg,y
2017-03-11T15_15_12.jpg,y
2017-03-11T15_15_14.jpg,y
2017-03-11T15_43_23.jpg,y
2017-03-11T16_13_18.jpg,y
2017-03-11T16_14_24.jpg,y
2017-03-11T16_17_47.jpg,y
2017-03-11T16_28_35.jpg,y
2017-03-11T16_29_25.jpg,y
2017-03-11T16_34_31.jpg,y
2017-03-11T16_44_16.jpg,y
2017-03-11T16_44_18.jpg,y
